codice_intervento,oggetto,importo,codice_municipalita,municipalità,codice_tipologia,tipologia,codice_categoria,categoria,priorita,finalita,longitudine,latitudine,
11713,INTERVENTI DI RECUPERO URBANO NEI QUARTIERI ERP DI SACCA FISOLA E GIUDECCA SISTEMAZIONI ESTERNE A SACCA FISOLA - LOTTO 2 - STRALCIO2 (ZONA SUD-EST),1456500,1,MUNICIPALITA' DI VENEZIA-MURANO-BURANO,3,Recupero,A05-10,Edilizia abitativa,1,Qualità Urbana,12.31532,45.427500,
11858,PISTA CICLABILE SU EX LINEA FERROVIARIA VENEZIA-TRENTO,600000,11,MUNICIPALITA' DI CHIRIGNAGO-ZELARINO,1,Nuova costruzione,A01-01,Stradali,1,Qualità Urbana,12.180573,45.497515,
12501,LIDO DI VENEZIA: REALIZZAZIONE DELLA FOGNATURA DI TIPO SEPARATO NELLA VIA S. ROSA,670000,3,MUNICIPALITA' DI LIDO-PELLESTRINA,1,Nuova costruzione,A05-35,Igienico sanitario,1,Qualità ambientale,12.363767,45.402312,
12791,MESSA IN SICUREZZA DI VIA PADANA CON LA REALIZZAZIONE DI PISTA CICLABILE E FERMATE BUS - 2°LOTTO,600000,13,MUNICIPALITA' DI MARGHERA,1,Nuova costruzione,A01-01,Stradali,3,Qualità Urbana,12.190987,45.448853,
13292,MANUTENZIONE PROGRAMMATA DEL VERDE DI PERTINENZA DELL'ISTITUZIONE BOSCO E GRANDI PARCHI,300000,92,TERRAFERMA - MUNICIPALITA' DIVERSE,6,Manutenzione,A02-11,Opere di protezione dell'ambiente,1,Qualità ambientale,12.293959,45.52802,
13344,CULTURA E TURISMO – RIQUALIFICAZIONE FUNZIONALE PALAZZO DUCALE: OPERE EDILI E IMPIANTISTICHE AI FINI DELL'ADEGUAMENTO C.P.I.,1700000,1,MUNICIPALITA' DI VENEZIA-MURANO-BURANO,6,Manutenzione,A05-11,Beni culturali,1,Conservazione del patrimonio,12.340356,45.433698,
13371,RIPRISTINO FUNZIONALE DELLA MICROPORTUALITÀ DEL CENTRO STORICO DI VENEZIA - PONTILI TAXI ACQUEI IMBARCO/SBARCO PERSONE PRESSO LA FONDAMENTA SANTA CHIARA E PRESSO L'AEROPORTO,150000,90,VENEZIA E TERRAFERMA,4,Ristrutturazione,A01-04,Marittime lacuali e fluviali,1,Miglioramento e incremento di servizio,12.318339,45.439218,
13431,COMPLETAMENTO PISTA CICLABILE TESSERA/FAVARO 3° E 4° LOTTO,1120000,8,MUNICIPALITA' DI FAVARO VENETO,1,Nuova costruzione,A01-01,Stradali,2,Miglioramento e incremento di servizio,12.317241,45.497611,
13871,MESSA IN SICUREZZA PIAZZA S. ANTONIO E PIAZZA MERCATO A MARGHERA,300000,13,MUNICIPALITA' DI MARGHERA,4,Ristrutturazione,A01-01,Stradali,1,Qualità Urbana,12.223931,45.474397,
13891,INTERVENTI DI RESTAURO E ADEGUAMENTO NELLE SCUOLE DEL LIDO E ISOLE,600000,91,VENEZIA - MUNICIPALITA' DIVERSE,4,Ristrutturazione,A05-08,Edilizia sociale e scolastica,1,Qualità Urbana,12.357562,45.459753,
13895,INTERVENTI DI MANUTENZIONE E ADEGUAMENTO NELLE SEDI COMUNALI DEL CENTRO STORICO ED ISOLE,1000000,91,VENEZIA - MUNICIPALITA' DIVERSE,5,Restauro,A05-33,Direzionale  e amministrativo,1,Miglioramento e incremento di servizio,12.349462,45.437699,
13900,RIPRISTINO FUNZIONALE SEGNALETICA VERTICALE/ORIZZONTALE E MESSA IN SICUREZZA VIABILITÀ TERRAFERMA,800000,92,TERRAFERMA - MUNICIPALITA' DIVERSE,4,Ristrutturazione,A01-01,Stradali,1,Qualità Urbana,12.253094,45.477571,
13902,ADEGUAMENTO NORMATIVO BARRIERE DI SICUREZZA CAVALCAFERROVIA DI MESTRE,2000000,92,TERRAFERMA - MUNICIPALITA' DIVERSE,4,Ristrutturazione,A01-01,Stradali,2,Adeguamento normativo,12.222934,45.488288,
13907,EDILIZIA SPORTIVA CENTRO STORICO E ISOLE - INTERVENTI DI ADEGUAMENTO E RIPRISTINO FUNZIONALE,800000,91,VENEZIA - MUNICIPALITA' DIVERSE,4,Ristrutturazione,A05-12,Sport e spettacolo,1,Adeguamento normativo,12.409221,45.485978,
13914,INTERVENTI DI RESTAURO  E ADEGUAMENTO NELLE SCUOLE DEL CENTRO STORICO,700000,1,MUNICIPALITA' DI VENEZIA-MURANO-BURANO,4,Ristrutturazione,A05-08,Edilizia sociale e scolastica,1,Qualità Urbana,12.327371,45.438770,
13918,GESTIONE TERRITORIALE VENEZIA NORD,1300000,1,MUNICIPALITA' DI VENEZIA-MURANO-BURANO,6,Manutenzione,A01-01,Stradali,1,Qualità Urbana,12.325490,45.446938,
13920,GESTIONE TERRITORIALE VENEZIA SUD,1200000,1,MUNICIPALITA' DI VENEZIA-MURANO-BURANO,6,Manutenzione,A01-01,Stradali,1,Qualità Urbana,12.330931,45.429550,
13922,GESTIONE TERRITORIALE ISOLE LAGUNARI,200000,1,MUNICIPALITA' DI VENEZIA-MURANO-BURANO,6,Manutenzione,A01-01,Stradali,1,Qualità Urbana,12.418677,45.484568,
13924,GESTIONE TERRITORIALE LIDO E PELLESTRINA,300000,3,MUNICIPALITA' DI LIDO-PELLESTRINA,6,Manutenzione,A01-01,Stradali,1,Qualità Urbana,12.300440,45.265525,
13926,INTERVENTI PUNTUALI DI RESTAURO DELLE SEDI MUSEALI,600000,91,VENEZIA - MUNICIPALITA' DIVERSE,5,Restauro,A05-11,Beni culturali,1,Conservazione del patrimonio,12.342257,45.437034,
13929,EDILIZIA COMUNALE DELLA TERRAFERMA - INTERVENTI DI ADEGUAMENTO E RIPRISTINO FUNZIONALE,800000,92,TERRAFERMA - MUNICIPALITA' DIVERSE,4,Ristrutturazione,A05-33,Direzionale  e amministrativo,1,Conservazione del patrimonio,12.236116,45.492682,
13931,EDILIZIA SPORTIVA DELLA TERRAFERMA - INTERVENTI DI ADEGUAMENTO E RIPRISTINO FUNZIONALE,900000,92,TERRAFERMA - MUNICIPALITA' DIVERSE,4,Ristrutturazione,A05-12,Sport e spettacolo,1,Miglioramento e incremento di servizio,12.280419,45.487830,
13933,PERCORSO CICLABILE E PEDONALE DI COLLEGAMENTO TRA VIA INDRI E VIA CA' SOLARO,320000,8,MUNICIPALITA' DI FAVARO VENETO,1,Nuova costruzione,A01-01,Stradali,2,Miglioramento e incremento di servizio,12.280887,45.509467,
13935,INTERVENTI PUNTUALI DI RIPRISTINO FUNZIONALE SU MANUFATTI DI MICROPORTUALITÀ URBANA DEL CENTRO STORICO DI VENEZIA,300000,91,VENEZIA - MUNICIPALITA' DIVERSE,4,Ristrutturazione,A01-04,Marittime lacuali e fluviali,1,Qualità Urbana,12.320333,45.435812,
13940,MANUTENZIONE STRAORDINARIA DELLA SCUOLA DELL'INFANZIA PRINCIPESSA MARIA LETIZIA DI MURANO,900000,5,Delegazione di MURANO (MUNIC. VENEZIA-MURANO-BURANO),6,Manutenzione,A05-08,Edilizia sociale e scolastica,1,Qualità Urbana,12.351434,45.457426,
13946,MANUTENZIONE DIFFUSA RESIDENZA COMUNALE TERRAFERMA,900000,92,TERRAFERMA - MUNICIPALITA' DIVERSE,6,Manutenzione,A05-10,Edilizia abitativa,1,Conservazione del patrimonio,12.236376,45.484954,
13959,EDILIZIA SCOLASTICA TERRAFERMA - MANUTENZIONE ORDINARIA,500000,92,TERRAFERMA - MUNICIPALITA' DIVERSE,6,Manutenzione,A05-08,Edilizia sociale e scolastica,1,Conservazione del patrimonio,12.207326,45.492552,
14017,RIPRISTINO FUNZIONALE CIMITERI TERRAFERMA,1000000,92,TERRAFERMA - MUNICIPALITA' DIVERSE,4,Ristrutturazione,A05-35,Igienico sanitario,1,Miglioramento e incremento di servizio,12.281615,45.511324,
14019,INTERVENTI DI RIPRISTINO FUNZIONALE E MESSA IN SICUREZZA VIABILITÀ TERRAFERMA,2792930,92,TERRAFERMA - MUNICIPALITA' DIVERSE,4,Ristrutturazione,A01-01,Stradali,1,Miglioramento e incremento di servizio,12.231315,45.482899,
14021,INTERVENTI PUNTUALI DI RIPRISTINO FUNZIONALE SU MANUFATTI DI MICROPORTUALITÀ URBANA DEL CENTRO STORICO DI VENEZIA,300000,91,VENEZIA - MUNICIPALITA' DIVERSE,4,Ristrutturazione,A01-04,Marittime lacuali e fluviali,1,Qualità Urbana,12.316748,45.432377,
14023,RIPRISTINO FUNZIONALE CIMITERI CENTRO STORICO E ISOLE,1000000,91,VENEZIA - MUNICIPALITA' DIVERSE,4,Ristrutturazione,A05-35,Igienico sanitario,1,Miglioramento e incremento di servizio,12.408598,45.485134,
14167,ADEGUAMENTO NORMATIVO SISTEMI DI SICUREZZA NUOVO CAVALCAVIA SUPERIORE DI MARGHERA,2000000,92,TERRAFERMA - MUNICIPALITA' DIVERSE,4,Ristrutturazione,A01-01,Stradali,2,Adeguamento normativo,12.238980,45.481870,
14187,ABBATTIMENTO BARRIERE ARCHITETTONICHE VENEZIA E TERRAFERMA,200000,90,VENEZIA E TERRAFERMA,4,Ristrutturazione,A06-90,Altre infrastrutture pubbliche non altrove classificate,1,Qualità Urbana,12.338214,45.434167,
14188,ABBATTIMENTO BARRIERE ARCHITETTONICHE VENEZIA E TERRAFERMA,200000,90,VENEZIA E TERRAFERMA,4,Ristrutturazione,A06-90,Altre infrastrutture pubbliche non altrove classificate,1,Qualità Urbana,12.338214,45.434168,
14189,MANUTENZIONE ORDINARIA EDILIZIA SCOLASTICA TERRAFERMA,500000,92,TERRAFERMA - MUNICIPALITA' DIVERSE,6,Manutenzione,A05-08,Edilizia sociale e scolastica,1,Qualità Urbana,12.215015,45.491576,
14191,RECUPERO EDILIZIO ALLOGGI COMUNALI ERP AREA VENEZIA INSULARE (INTERVENTO PON METRO),300000,91,VENEZIA - MUNICIPALITA' DIVERSE,3,Recupero,A05-10,Edilizia abitativa,1,Conservazione del patrimonio,12.318967,45.435242,
14192,RECUPERO EDILIZIO ALLOGGI COMUNALI ERP AREA VENEZIA TERRAFERMA (INTERVENTO PON METRO),300000,92,TERRAFERMA - MUNICIPALITA' DIVERSE,3,Recupero,A05-10,Edilizia abitativa,1,Conservazione del patrimonio,12.211164,45.478590,
14193,RECUPERO EDILIZIO ALLOGGI COMUNALI NON ERP AREA VENEZIA INSULARE (INTERVENTO PON METRO),300000,91,VENEZIA - MUNICIPALITA' DIVERSE,3,Recupero,A05-10,Edilizia abitativa,1,Conservazione del patrimonio,12.318967,45.435242,
14194,RECUPERO EDILIZIO ALLOGGI COMUNALI NON ERP AREA VENEZIA TERRAFERMA (INTERVENTO PON METRO),400000,92,TERRAFERMA - MUNICIPALITA' DIVERSE,3,Recupero,A05-10,Edilizia abitativa,1,Conservazione del patrimonio,12.211164,45.478590,
14197,MESSA IN SICUREZZA E ADEGUAMENTI IMPIANTISTICI DEI FORTI DELLA TERRAFERMA,100000,92,TERRAFERMA - MUNICIPALITA' DIVERSE,3,Recupero,A05-11,Beni culturali,1,Conservazione del patrimonio,12.210516,45.498912,
14198,MESSA IN SICUREZZA E ADEGUAMENTI IMPIANTISTICI DEI FORTI DELLA TERRAFERMA,100000,92,TERRAFERMA - MUNICIPALITA' DIVERSE,3,Recupero,A05-11,Beni culturali,1,Conservazione del patrimonio,12.220104,45.531848,
14226,AMBIENTE E TERRITORIO - SCAVO RII E GESTIONI TERRITORIALI: SCAVO RII IN UMIDO E RIPRISTINO FONDAMENTA – LOTTO 1,3500000,91,VENEZIA - MUNICIPALITA' DIVERSE,6,Manutenzione,A02-05,Difesa del suolo,1,Qualità ambientale,12.338232,45.440165,
14227,AMBIENTE E TERRITORIO – PONTI E PONTILI: RIPRISTINO STRUTTURALE PONTE DEL GHETTO – CANNAREGIO,350000,1,MUNICIPALITA' DI VENEZIA-MURANO-BURANO,5,Restauro,A01-01,Stradali,1,Qualità Urbana,12.326390,45.445353,
14024,RIPRISTINO FUNZIONALE CIMITERI CENTRO STORICO E ISOLE,1000000,91,VENEZIA - MUNICIPALITA' DIVERSE,4,Ristrutturazione,A05-35,Igienico sanitario,1,Miglioramento e incremento di servizio,12.246756,45.499882,
14025,MANUTENZIONE DIFFUSA RESIDENZA COMUNALE TERRAFERMA,900000,92,TERRAFERMA - MUNICIPALITA' DIVERSE,6,Manutenzione,A05-10,Edilizia abitativa,1,Conservazione del patrimonio,12.247679,45.496182,
14027,EDILIZIA COMUNALE DELLA TERRAFERMA - INTERVENTI DI ADEGUAMENTO E RIPRISTINO FUNZIONALE,800000,92,TERRAFERMA - MUNICIPALITA' DIVERSE,4,Ristrutturazione,A05-33,Direzionale  e amministrativo,1,Conservazione del patrimonio,12.244095,45.495883,
14028,EDILIZIA SCOLASTICA TERRAFERMA- INTERVENTI DI ADEGUAMENTO E RIPRISTINI FUNZIONALI - INTERVENTI STRAORDINARI,900000,92,TERRAFERMA - MUNICIPALITA' DIVERSE,4,Ristrutturazione,A05-08,Edilizia sociale e scolastica,1,Conservazione del patrimonio,12.237145,45.485465,
14029,EDILIZIA SPORTIVA DELLA TERRAFERMA - INTERVENTI DI ADEGUAMENTO E RIPRISTINO FUNZIONALE,900000,92,TERRAFERMA - MUNICIPALITA' DIVERSE,4,Ristrutturazione,A05-12,Sport e spettacolo,1,Qualità Urbana,12.233788,45.494936,
14030,MANUTENZIONE PROGRAMMATA DEL VERDE DI PERTINENZA DELL'ISTITUZIONE BOSCO E GRANDI PARCHI,300000,92,TERRAFERMA - MUNICIPALITA' DIVERSE,6,Manutenzione,A02-11,Opere di protezione dell'ambiente,1,Qualità ambientale,12.263606,45.483820,
14032,RIPRISTINO FUNZIONALE SEGNALETICA VERTICALE/ORIZZONTALE E MESSA IN SICUREZZA VIABILITÀ TERRAFERMA,800000,92,TERRAFERMA - MUNICIPALITA' DIVERSE,4,Ristrutturazione,A01-01,Stradali,1,Qualità Urbana,12.255119,45.490150,
14033,INTERVENTO DI RIPRISTINO FUNZIONALE E MESSA IN SICUREZZA VIABILITÀ TERRAFERMA,2425850,92,TERRAFERMA - MUNICIPALITA' DIVERSE,4,Ristrutturazione,A01-01,Stradali,1,Qualità Urbana,12.237824,45.505341,
14037,INTERVENTI PUNTUALI DI RESTAURO E ADEGUAMENTO NELLE SEDI COMUNALI DEL CENTRO STORICO ED ISOLE,1000000,91,VENEZIA - MUNICIPALITA' DIVERSE,5,Restauro,A05-33,Direzionale  e amministrativo,1,Conservazione del patrimonio,12.333806,45.436482,
14039,INTERVENTI PUNTUALI DI RESTAURO DELLE SEDI MUSEALI,600000,91,VENEZIA - MUNICIPALITA' DIVERSE,5,Restauro,A05-11,Beni culturali,1,Conservazione del patrimonio,12.337092,45.433711,
14040,INTERVENTI DI ADEGUAMENTO NELLE SCUOLE DEL LIDO E ISOLE,600000,91,VENEZIA - MUNICIPALITA' DIVERSE,4,Ristrutturazione,A05-08,Edilizia sociale e scolastica,1,Conservazione del patrimonio,12.367217,45.412901,
14042,INTERVENTI DI ADEGUAMENTO NELLE SCUOLE DEL CENTRO STORICO,700000,1,MUNICIPALITA' DI VENEZIA-MURANO-BURANO,4,Ristrutturazione,A05-08,Edilizia sociale e scolastica,1,Conservazione del patrimonio,12.324428,45.433960,
14044,EDILIZIA SPORTIVA CENTRO STORICO E ISOLE - INTERVENTI DI ADEGUAMENTO E RIPRISTINO FUNZIONALE,800000,91,VENEZIA - MUNICIPALITA' DIVERSE,4,Ristrutturazione,A05-12,Sport e spettacolo,1,Conservazione del patrimonio,12.318531,45.434029,
14046,GESTIONE TERRITORIALE VENEZIA NORD,1300000,1,MUNICIPALITA' DI VENEZIA-MURANO-BURANO,6,Manutenzione,A01-01,Stradali,1,Qualità Urbana,12.326161,45.448686,
14047,GESTIONE TERRITORIALE VENEZIA SUD,1200000,1,MUNICIPALITA' DI VENEZIA-MURANO-BURANO,6,Manutenzione,A01-01,Stradali,1,Qualità Urbana,12.327062,45.429745,
14048,GESTIONE TERRITORIALE - MURANO BURANO S.ERASMO,200000,1,MUNICIPALITA' DI VENEZIA-MURANO-BURANO,6,Manutenzione,A01-01,Stradali,1,Qualità Urbana,12.403439,45.453585,
14049,GESTIONE TERRITORIALE LIDO E PELLESTRINA,300000,3,MUNICIPALITA' DI LIDO-PELLESTRINA,6,Manutenzione,A01-01,Stradali,1,Qualità Urbana,12.370486,45.410284,
14094,EDILIZIA SCOLASTICA TERRAFERMA- INTERVENTI DI ADEGUAMENTO E RIPRISTINI FUNZIONALI - INTERVENTI STRAORDINARI,900000,92,TERRAFERMA - MUNICIPALITA' DIVERSE,4,Ristrutturazione,A05-08,Edilizia sociale e scolastica,1,Qualità Urbana,12.237432,45.486776,
14095,RECUPERO EDILIZIO ALLOGGI COMUNALI NON ERP TERRAFERMA (INTERVENTO PON METRO),500000,92,TERRAFERMA - MUNICIPALITA' DIVERSE,3,Recupero,A05-10,Edilizia abitativa,1,Conservazione del patrimonio,12.211669,45.479854,
14096,RECUPERO EDILIZIO ALLOGGI COMUNALI ERP TERRAFERMA (INTERVENTO PON METRO),400000,92,TERRAFERMA - MUNICIPALITA' DIVERSE,3,Recupero,A05-10,Edilizia abitativa,1,Conservazione del patrimonio,12.211669,45.479854,
14228,AMBIENTE E TERRITORIO – PONTI E PONTILI: RIPRISTINO STRUTTURALE PONTE DEI GUARDIANI – DORSODURO,200000,91,VENEZIA - MUNICIPALITA' DIVERSE,5,Restauro,A01-01,Stradali,1,Qualità Urbana,12.324632,45.432248,
14229,AMBIENTE E TERRITORIO – PONTI E PONTILI: RIPRISTINO STRUTTURALE PONTE BONAVENTURA – CANNAREGIO,300000,1,MUNICIPALITA' DI VENEZIA-MURANO-BURANO,5,Restauro,A01-01,Stradali,1,Qualità Urbana,12.337726,45.441050,
14230,AMBIENTE E TERRITORIO – PONTI E PONTILI: RIPRISTINO STRUTTURALE PONTE DELLA GUERRA – SAN MARCO,200000,1,MUNICIPALITA' DI VENEZIA-MURANO-BURANO,5,Restauro,A01-01,Stradali,1,Qualità Urbana,12.339172,45.436441,
14231,AMBIENTE E TERRITORIO – TEATRI: TEATRO LA FENICE - MANUTENZIONE STRAORDINARIA,300000,1,MUNICIPALITA' DI VENEZIA-MURANO-BURANO,6,Manutenzione,A05-12,Sport e spettacolo,1,Conservazione del patrimonio,12.339172,45.433667,
14232,AMBIENTE E TERRITORIO – TEATRI: TEATRO MALIBRAN - REALIZZAZIONE IMPIANTO DI CONDIZIONAMENTO E MANUTENZIONE STRAORDINARIA,1200000,1,MUNICIPALITA' DI VENEZIA-MURANO-BURANO,6,Manutenzione,A05-12,Sport e spettacolo,1,Conservazione del patrimonio,12.337847,45.439004,
14233,AMBIENTE E TERRITORIO – TEATRI: TEATRO GOLDONI - INTERVENTI STRAORDINARI PER OTTENIMENTO C.P.I.,1200000,1,MUNICIPALITA' DI VENEZIA-MURANO-BURANO,4,Ristrutturazione,A05-12,Sport e spettacolo,1,Conservazione del patrimonio,12.335429,45.436332,
14235,AMBIENTE E TERRITORIO – FOGNATURE: FOGNATURE PELLESTRINA: SOSTITUZIONE ELEMENTI IMPIANTISTICI E REALIZZAZIONE MAGAZZINO PER RICAMBI DI EMERGENZA,1040820,3,MUNICIPALITA' DI LIDO-PELLESTRINA,6,Manutenzione,A02-11,Opere di protezione dell'ambiente,1,Qualità ambientale,12.301635,45.272450,
14236,AMBIENTE E TERRITORIO – PARCO SAN GIULIANO: REALIZZAZIONE DI STRUTTURE A SERVIZIO DELLE GRANDI MANIFESTAZIONI E OPERE COMPLEMENTARI PRESSO IL PARCO SAN GIULIANO,9000000,10,MUNICIPALITA' DI MESTRE-CARPENEDO,1,Nuova costruzione,A05-12,Sport e spettacolo,3,Miglioramento e incremento di servizio,12.269164,45.476371,
14237,AMBIENTE E TERRITORIO – PARCO SAN GIULIANO: PASSAGGIO CICLOPEDONALE SAN GIULIANO,3900000,10,MUNICIPALITA' DI MESTRE-CARPENEDO,1,Nuova costruzione,A01-01,Stradali,3,Qualità ambientale,12.278858,45.469298,
14238,AMBIENTE E TERRITORIO – ILLUMINAZIONE VENEZIA: POTENZIAMENTO SISTEMI DI VIDEOSORVEGLIANZA E ILLUMINAZIONE VENEZIA CENTRO STORICO E ISOLE,500000,91,VENEZIA - MUNICIPALITA' DIVERSE,1,Nuova costruzione,A06-90,Altre infrastrutture pubbliche non altrove classificate,3,Qualità Urbana,12.338357,45.434940,
14239,AMBIENTE E TERRITORIO – PROGETTO INTEGRATO FUSINA: COLLEGAMENTO IMPIANTI DEPURAZIONE LIDO E FUSINA – 2° STRALCIO,2500000,90,VENEZIA E TERRAFERMA,8,Completamento,A02-11,Opere di protezione dell'ambiente,1,Qualità ambientale,12.256164,45.419330,
14240,AMBIENTE E TERRITORIO – PROGETTO INTEGRATO FUSINA: SISTEMA DI GRIGLIATURA USCITA IMPIANTO BIOLOGICO – INGRESSO PIF,500000,13,MUNICIPALITA' DI MARGHERA,1,Nuova costruzione,A02-11,Opere di protezione dell'ambiente,3,Qualità ambientale,12.247737,45.425102,
14243,AMBIENTE E TERRITORIO – RIPRISTINI STRAORDINARI EDIFICI SCOLASTICI VENEZIA: SCUOLA PRIMARIA MANZONI - INTERVENTI PER CONSEGUIMENTO IDONEITÀ STATICA E ADEGUAMENTO IGIENICO FUNZIONALE,750000,1,MUNICIPALITA' DI VENEZIA-MURANO-BURANO,4,Ristrutturazione,A05-08,Edilizia sociale e scolastica,2,Adeguamento normativo,12.328209,45.441479,
14244,AMBIENTE E TERRITORIO – RIPRISTINI STRAORDINARI EDIFICI SCOLASTICI VENEZIA: SCUOLA SECONDARIA DI PRIMO GRADO SANSOVINO - RESTAURO E RISANAMENTO STATICO CONSERVATIVO,850000,1,MUNICIPALITA' DI VENEZIA-MURANO-BURANO,5,Restauro,A05-08,Edilizia sociale e scolastica,2,Conservazione del patrimonio,12.253970,45.489811,
14248,AMBIENTE E TERRITORIO – ABBATTIMENTO BARRIERE ARCHITETTONICHE: INTERVENTI STRAORDINARI DI ABBATTIMENTO BARRIERE ARCHITETTONICHE VENEZIA CENTRO STORICO,2000000,1,MUNICIPALITA' DI VENEZIA-MURANO-BURANO,6,Manutenzione,A01-01,Stradali,1,Qualità Urbana,12.315627,45.440805,
14249,CULTURA E TURISMO – FORTE MARGHERA: RECUPERO FORTE MARGHERA – 1° STRALCIO,7000000,10,MUNICIPALITA' DI MESTRE-CARPENEDO,3,Recupero,A05-08,Edilizia sociale e scolastica,1,Conservazione del patrimonio,12.261678,45.475504,
14250,CULTURA E TURISMO – FORTE MARGHERA: RECUPERO FORTE MARGHERA – 2° STRALCIO,5000000,10,MUNICIPALITA' DI MESTRE-CARPENEDO,3,Recupero,A05-08,Edilizia sociale e scolastica,1,Conservazione del patrimonio,12.262871,45.474259,
14251,CULTURA E TURISMO – RIQUALIFICAZIONE FUNZIONALE PALAZZO DUCALE: INTERVENTI DI RIPRISTINO DELLE FACCIATE INTERNE ED ESTERNE E DELLE RIVE D'ACQUA,2800000,1,MUNICIPALITA' DI VENEZIA-MURANO-BURANO,5,Restauro,A05-11,Beni culturali,1,Conservazione del patrimonio,12.340302,45.433665,
14252,CULTURA E TURISMO – RIQUALIFICAZIONE FUNZIONALE PALAZZO DUCALE: ADEGUAMENTO IMPIANTI DI CONDIZIONAMENTO E RISCALDAMENTO,500000,1,MUNICIPALITA' DI VENEZIA-MURANO-BURANO,6,Manutenzione,A05-11,Beni culturali,1,Adeguamento normativo,12.340286,45.433804,
14253,CULTURA E TURISMO – RIQUALIFICAZIONE FUNZIONALE PALAZZO DUCALE: MONITORAGGIO E INTERVENTI SUGLI APPARATI DECORATIVI (SOFFITTI E PARETI),500000,1,MUNICIPALITA' DI VENEZIA-MURANO-BURANO,6,Manutenzione,A05-11,Beni culturali,1,Conservazione del patrimonio,12.340525,45.433767,
14255,CULTURA E TURISMO- MUSEO CORRER: REALIZZAZIONE IMPIANTO ANTINCENDIO PRESSO LOCALI DEPOSITO,1369175,1,MUNICIPALITA' DI VENEZIA-MURANO-BURANO,4,Ristrutturazione,A05-11,Beni culturali,2,Adeguamento normativo,12.337159,45.433777,
14256,RAFFORZAMENTO AZIONE P.A.: DEMOLIZIONE VASCHETTE MARGHERA,150000,13,MUNICIPALITA' DI MARGHERA,2,Demolizione,A05-10,Edilizia abitativa,2,Qualità Urbana,12.222985,45.464631,
14257,RAFFORZAMENTO AZIONE P.A.: AMPLIAMENTO BIBLIOTECA VILLA ERIZZO- MESTRE,2600000,10,MUNICIPALITA' DI MESTRE-CARPENEDO,1,Nuova costruzione,A05-08,Edilizia sociale e scolastica,3,Miglioramento e incremento di servizio,12.240725,45.490402,
14258,RAFFORZAMENTO AZIONE P.A.: INTERVENTI PUNTUALI DI MESSA IN SICUREZZA EDILIZIA SCOLASTICA TERRAFERMA,2100000,92,TERRAFERMA - MUNICIPALITA' DIVERSE,6,Manutenzione,A05-08,Edilizia sociale e scolastica,1,Conservazione del patrimonio,12.238855,45.493647,
14259,RAFFORZAMENTO AZIONE P.A.: RIPRISTINO FUNZIONALE CENTRO CULTURALE CANDIANI,750000,10,MUNICIPALITA' DI MESTRE-CARPENEDO,4,Ristrutturazione,A05-08,Edilizia sociale e scolastica,1,Conservazione del patrimonio,12.239780,45.494753,
14260,RAFFORZAMENTO AZIONE P.A.: INTERVENTI STRAORDINARI SU VERDE E DECORO PUBBLICO DELLA TERRAFERMA,2500000,92,TERRAFERMA - MUNICIPALITA' DIVERSE,4,Ristrutturazione,A06-90,Altre infrastrutture pubbliche non altrove classificate,1,Qualità ambientale,12.246646,45.493009,
14261,RAFFORZAMENTO AZIONE P.A.: RIQUALIFICAZIONE MERCATO FISSO DI MESTRE,2000000,10,MUNICIPALITA' DI MESTRE-CARPENEDO,4,Ristrutturazione,A04-40,Commercio e artigianato,2,Qualità Urbana,12.243928,45.493568,
14262,RAFFORZAMENTO AZIONE P.A.: POTENZIAMENTO ILLUMINAZIONE PUBBLICA E SISTEMI DI VIDEOSORVEGLIANZA TERRAFERMA,500000,92,TERRAFERMA - MUNICIPALITA' DIVERSE,6,Manutenzione,A06-90,Altre infrastrutture pubbliche non altrove classificate,1,Qualità Urbana,12.236352,45.491949,
14267,RIPRISTINO FUNZIONALE CIMITERI TERRAFERMA,1000000,92,TERRAFERMA - MUNICIPALITA' DIVERSE,4,Ristrutturazione,A05-35,Igienico sanitario,1,Conservazione del patrimonio,12.243660,45.502148,
14268,EDILIZIA COMUNALE DELLA TERRAFERMA: INTERVENTI DI ADEGUAMENTO E RIPRISTINO FUNZIONALE,800000,92,TERRAFERMA - MUNICIPALITA' DIVERSE,4,Ristrutturazione,A05-33,Direzionale  e amministrativo,2,Conservazione del patrimonio,12.244127,45.495985,
14269,EDILIZIA SCOLASTICA TERRAFERMA: INTERVENTI DI ADEGUAMENTO E RIPRISTINI FUNZIONALI-INTERVENTI STRAORDINARI,900000,92,TERRAFERMA - MUNICIPALITA' DIVERSE,4,Ristrutturazione,A05-08,Edilizia sociale e scolastica,2,Conservazione del patrimonio,12.228461,45.490289,
14270,EDILIZA SPORTIVA DELLA TERRAFERMA: INTERVENTI DI ADEGUAMENTO E RIPRISTINO FUNZIONALE,900000,92,TERRAFERMA - MUNICIPALITA' DIVERSE,4,Ristrutturazione,A05-12,Sport e spettacolo,2,Conservazione del patrimonio,12.261949,45.479793,
14271,MESSA IN SICUREZZA E ADEGUAMENTI IMPIANTISTICI DEI FORTI DELLA TERRAFERMA,100000,92,TERRAFERMA - MUNICIPALITA' DIVERSE,3,Recupero,A05-11,Beni culturali,2,Conservazione del patrimonio,12.258339,45.482296,
14272,EDILIZIA SCOLASTICA TERRAFERMA - MANUTENZIONE ORDINARIA,500000,92,TERRAFERMA - MUNICIPALITA' DIVERSE,6,Manutenzione,A05-08,Edilizia sociale e scolastica,1,Conservazione del patrimonio,12.247699,45.501344,
14273,MANUTENZIONE ORDINARIA DIFFUSA EDILIZIA RESIDENZIALE TERRAFERMA,900000,92,TERRAFERMA - MUNICIPALITA' DIVERSE,6,Manutenzione,A05-10,Edilizia abitativa,1,Conservazione del patrimonio,12.246328,45.499446,
14274,INTERVENTI PUNTUALI DI RESTAURO E ADEGUAMENTO NELLE SEDI COMUNALI DEL CENTRO STORICO ED ISOLE,1000000,91,VENEZIA - MUNICIPALITA' DIVERSE,5,Restauro,A05-33,Direzionale  e amministrativo,1,Conservazione del patrimonio,12.317597,45.439119,
14275,INTERVENTI PUNTUALI PER RIPRISTINO FUNZIONALE MANUFATTI DI MICROPORTUALITÀ URBANA DEL CENTRO STORICO ED ISOLE,300000,91,VENEZIA - MUNICIPALITA' DIVERSE,4,Ristrutturazione,A01-04,Marittime lacuali e fluviali,2,Qualità Urbana,12.340718,45.437388,
14276,RIPRISTINO FUNZIONALE CIMITERI CENTRO STORICO E ISOLE,1000000,91,VENEZIA - MUNICIPALITA' DIVERSE,4,Ristrutturazione,A05-35,Igienico sanitario,1,Conservazione del patrimonio,12.346197,45.448571,
14277,INTERVENTI PUNTUALI DI RESTAURO DELLE SEDI MUSEALI,600000,91,VENEZIA - MUNICIPALITA' DIVERSE,5,Restauro,A05-11,Beni culturali,2,Conservazione del patrimonio,12.327892,45.433744,
14278,INTERVENTI DI ADEGUAMENTO NELLE SCUOLE DEL LIDO E ISOLE,600000,91,VENEZIA - MUNICIPALITA' DIVERSE,4,Ristrutturazione,A05-08,Edilizia sociale e scolastica,1,Conservazione del patrimonio,12.410327,45.459157,
14279,INTERVENTI DI ADEGUAMENTO NELLE SCUOLE DEL CENTRO STORICO,700000,1,MUNICIPALITA' DI VENEZIA-MURANO-BURANO,4,Ristrutturazione,A05-08,Edilizia sociale e scolastica,1,Conservazione del patrimonio,12.410543,45.443947,
14280,EDILIZIA SPORTIVA CENTRO STORICO E ISOLE - INTERVENTI DI ADEGUAMENTO E RIPRISTINO FUNZIONALE,800000,91,VENEZIA - MUNICIPALITA' DIVERSE,4,Ristrutturazione,A05-12,Sport e spettacolo,2,Conservazione del patrimonio,12.229538,45.479678,
14281,GESTIONE TERRITORIALE VENEZIA NORD,1300000,1,MUNICIPALITA' DI VENEZIA-MURANO-BURANO,6,Manutenzione,A01-01,Stradali,2,Qualità Urbana,12.339678,45.442684,
14282,GESTIONE TERRITORIALE VENEZIA SUD,1200000,91,VENEZIA - MUNICIPALITA' DIVERSE,6,Manutenzione,A01-01,Stradali,2,Qualità Urbana,12.322273,45.425448,
14283,GESTIONE TERRITORIALE MURANO/BURANO E S.ERASMO,200000,1,MUNICIPALITA' DI VENEZIA-MURANO-BURANO,6,Manutenzione,A01-01,Stradali,2,Qualità Urbana,12.359089,45.458462,
14284,GESTIONE TERRITORIALE LIDO E PELLESTRINA,300000,3,MUNICIPALITA' DI LIDO-PELLESTRINA,6,Manutenzione,A01-01,Stradali,2,Qualità Urbana,12.371203,45.411329,
14285,MANUTENZIONE ORDINARIA DIFFUSA EDILIZIA RESIDENZIALE CENTRO STORICO E ISOLE,900000,91,VENEZIA - MUNICIPALITA' DIVERSE,6,Manutenzione,A05-10,Edilizia abitativa,1,Conservazione del patrimonio,12.395767,45.450693,
14286,MANUTENZIONE ORDINARIA DIFFUSA EDILIZIA RESIDENZIALE CENTRO STORICO E ISOLE,900000,91,VENEZIA - MUNICIPALITA' DIVERSE,6,Manutenzione,A05-10,Edilizia abitativa,1,Conservazione del patrimonio,12.376022,45.439029,
14287,MANUTENZIONE ORDINARIA DIFFUSA EDILIZIA RESIDENZIALE CENTRO STORICO E ISOLE,900000,91,VENEZIA - MUNICIPALITA' DIVERSE,6,Manutenzione,A05-10,Edilizia abitativa,1,Conservazione del patrimonio,12.332553,45.434656,
14288,RECUPERO EDILIZIO ALLOGGI COMUNALI NON ERP AREA VENEZIA TERRAFERMA (INTERVENTO PON METRO),478928,92,TERRAFERMA - MUNICIPALITA' DIVERSE,3,Recupero,A05-10,Edilizia abitativa,2,Conservazione del patrimonio,12.213938,45.490777,
14289,RECUPERO EDILIZIO ALLOGGI COMUNALI ERP AREA VENEZIA TERRAFERMA (INTERVENTO PON METRO),300000,92,TERRAFERMA - MUNICIPALITA' DIVERSE,3,Recupero,A05-10,Edilizia abitativa,2,Conservazione del patrimonio,12.211782,45.488912,
14290,RECUPERO EDILIZIO ALLOGGI COMUNALI NON ERP AREA VENEZIA C.S E INSULARE (INTERVENTO PON METRO),300000,91,VENEZIA - MUNICIPALITA' DIVERSE,3,Recupero,A05-10,Edilizia abitativa,1,Conservazione del patrimonio,12.325584,45.433740,
14291,RECUPERO EDILIZIO ALLOGGI COMUNALI ERP AREA VENEZIA C.S. E INSULARE (INTERVENTO PON METRO),300000,91,VENEZIA - MUNICIPALITA' DIVERSE,3,Recupero,A05-10,Edilizia abitativa,1,Conservazione del patrimonio,12.323910,45.431210,
14293,MANUTENZIONE PROGRAMMATA DEL VERDE DI PERTINENZA DELL'ISTITUZIONE BOSCO E GRANDI PARCHI,300000,92,TERRAFERMA - MUNICIPALITA' DIVERSE,6,Manutenzione,A02-11,Opere di protezione dell'ambiente,2,Qualità ambientale,12.265940,45.500140,
14294,ABBATTIMENTO BARRIERE ARCHITETTONICHE VENEZIA E TERRAFERMA,200000,90,VENEZIA E TERRAFERMA,4,Ristrutturazione,A06-90,Altre infrastrutture pubbliche non altrove classificate,1,NA,12.271931,45.499261,
14295,RIPRISTINO FUNZIONALE SEGNALETICA VERTICALE/ORIZZONTALE E MESSA IN SICUREZZA VIABILITÀ TERRAFERMA,800000,92,TERRAFERMA - MUNICIPALITA' DIVERSE,4,Ristrutturazione,A01-01,Stradali,1,Qualità Urbana,12.234291,45.487560,
14296,INTERVENTO DI RIPRISTINO FUNZIONALE E MESSA IN SICUREZZA VIABILITÀ TERRAFERMA,1800000,92,TERRAFERMA - MUNICIPALITA' DIVERSE,4,Ristrutturazione,A01-01,Stradali,1,Qualità Urbana,12.239731,45.489067,
14307,AMBIENTE E TERRITORIO- RIPRISTINI STRAORDINARI EDIFICI SCOLASTICI VENEZIA: INTERVENTI STRAORDINARI DI ADEGUAMENTO FUNZIONALE EDILIZIA SCOLASTICA VENEZIA CENTRO STORICO ANNO 2018,750000,91,VENEZIA - MUNICIPALITA' DIVERSE,4,Ristrutturazione,A05-08,Edilizia sociale e scolastica,1,Conservazione del patrimonio,12.344066,45.437893,
14309,AMBIENTE E TERRITORIO- RIPRISTINI STRAORDINARI EDIFICI SCOLASTICI VENEZIA: INTERVENTI STRAORDINARI DI ADEGUAMENTO FUNZIONALE EDILIZIA SCOLASTICA LIDO E ISOLE ANNO 2018,350000,3,MUNICIPALITA' DI LIDO-PELLESTRINA,4,Ristrutturazione,A05-08,Edilizia sociale e scolastica,1,Conservazione del patrimonio,12.300368,45.266825,
14310,AMBIENTE E TERRITORIO- RIPRISTINI STRAORDINARI EDIFICI SCOLASTICI VENEZIA: INTERVENTI STRAORDINARI PRESSO GLI SCOPERTI SCOLASTICI DI TUTTE LE SCUOLE DI VENEZIA CENTRO STORICO E DELLE ISOLE,1000000,91,VENEZIA - MUNICIPALITA' DIVERSE,4,Ristrutturazione,A05-08,Edilizia sociale e scolastica,1,Qualità ambientale,12.319366,45.432937,
14311,AMBIENTE E TERRITORIO- FOGNATURE: INTERVENTI DI RIPRISTINO FUNZIONALE RETE ACQUE METEORICHE DI VENEZIA CENTRO STORICO: LIDO E ISOLE ANNO 2017,1400000,91,VENEZIA - MUNICIPALITA' DIVERSE,4,Ristrutturazione,A02-11,Opere di protezione dell'ambiente,1,Qualità ambientale,12.308256,45.293880,
14312,AMBIENTE E TERRITORIO- FOGNATURE: INTERVENTI DI RIPRISTINO FUNZIONALE RETE ACQUE METEORICHE DI VENEZIA CENTRO STORICO: LIDO E ISOLE ANNO 2018,1400000,91,VENEZIA - MUNICIPALITA' DIVERSE,4,Ristrutturazione,A02-11,Opere di protezione dell'ambiente,1,Qualità ambientale,12.350148,45.387663,
14313,AMBIENTE E TERRITORIO- EDILIZIA SPORTIVA VENEZIA E ISOLE: INTERVENTI DI RIPRISTINO FUNZIONALE PRESSO GLI IMPIANTI SPORTIVI DEL CENTRO STORICO E DELLE ISOLE,1500000,91,VENEZIA - MUNICIPALITA' DIVERSE,4,Ristrutturazione,A05-12,Sport e spettacolo,1,Conservazione del patrimonio,12.363841,45.427773,
14314,AMBIENTE E TERRITORIO- PROGETTO INTEGRATO FUSINA: COMPLETAMENTO IMPIANTO IDROVORO E VASCA DI ACCUMULO DI VIA TORINO,8000000,10,MUNICIPALITA' DI MESTRE-CARPENEDO,8,Completamento,A02-11,Opere di protezione dell'ambiente,2,Qualità ambientale,12.256033,45.476967,
14315,RAFFORZAMENTO AZIONE P.A.: INTERVENTI STRAORDINARI PRESSO GLI SCOPERTI SCOLASTICI DI TUTTE LE SCUOLE DELLA TERRAFERMA,1000000,92,TERRAFERMA - MUNICIPALITA' DIVERSE,4,Ristrutturazione,A05-08,Edilizia sociale e scolastica,1,Qualità ambientale,12.199607,45.476704,
14316,RAFFORZAMENTO AZIONE P.A.: INTERVENTI DI RIPRISTINO FUNZIONALE PRESSO GLI IMPIANTI SPORTIVI DELLA TERRAFERMA,2000000,92,TERRAFERMA - MUNICIPALITA' DIVERSE,4,Ristrutturazione,A05-12,Sport e spettacolo,1,Conservazione del patrimonio,12.210448,45.489816,
14318,AMBIENTE E TERRITORIO - PONTI E PONTILI: MESSA IN SICUREZZA E REALIZZAZIONE DI NUOVI APPRODI ACQUEI PRESSO VENEZIA E ISOLE (LOTTO 1),1700000,91,VENEZIA - MUNICIPALITA' DIVERSE,1,Nuova costruzione,A01-04,Marittime lacuali e fluviali,2,Qualità Urbana,12.335406,45.437347,
14319,AMBIENTE E TERRITORIO - PONTI E PONTILI: MESSA IN SICUREZZA E REALIZZAZIONE DI NUOVI APPRODI ACQUEIPRESSO VENEZIA E ISOLE (LOTTO 2),1509180,91,VENEZIA - MUNICIPALITA' DIVERSE,1,Nuova costruzione,A01-04,Marittime lacuali e fluviali,2,Qualità Urbana,12.348236,45.451244,
14320,RAFFORZAMENTO AZIONE P.A.: INTERVENTI STRAORDINARI DI MESSA IN SICUREZZA STRADALE,1300000,92,TERRAFERMA - MUNICIPALITA' DIVERSE,4,Ristrutturazione,A01-01,Stradali,1,Qualità Urbana,12.234248,45.480151,
14321,INTERVENTI DI FLUIDIFICAZIONE DEI NODI VIARI E DEI COLLEGAMENTI SOSTENIBILI TRA PARCHEGGI SCAMBIATORI E CENTRO CITTÀ LOTTO 1,900000,10,MUNICIPALITA' DI MESTRE-CARPENEDO,1,Nuova costruzione,A01-01,Stradali,2,Qualità Urbana,12.240582,45.507080,
14322,INTERVENTI DI FLUIDIFICAZIONE DEI NODI VIARI E DEI COLLEGAMENTI SOSTENIBILI TRA PARCHEGGI SCAMBIATORI E CENTRO CITTÀ LOTTO 2,300000,10,MUNICIPALITA' DI MESTRE-CARPENEDO,1,Nuova costruzione,A01-01,Stradali,2,Qualità Urbana,12.259985,45.504125,
14323,INTERVENTI DI COMPLETAMENTO DELLE CONNESSIONI CICLABILI E INTERMODALI DEI PARCHEGGI SCAMBIATORI DEL QUADRANTE DI ZELARINO LOTTO 1,1392000,11,MUNICIPALITA' DI CHIRIGNAGO-ZELARINO,1,Nuova costruzione,A01-01,Stradali,2,Qualità Urbana,12.203461,45.517503,
14324,INTERVENTI DI COMPLETAMENTO DELLE CONNESSIONI CICLABILI E INTERMODALI DEI PARCHEGGI SCAMBIATORI DEL QUADRANTE DI ZELARINO LOTTO 2,2383000,11,MUNICIPALITA' DI CHIRIGNAGO-ZELARINO,1,Nuova costruzione,A01-01,Stradali,2,Qualità Urbana,12.212246,45.512043,