codice_intervento,oggetto,importo,codice_municipalita,municipalità,codice_tipologia,tipologia,codice_categoria,categoria,priorita,finalita,longitudine,latitudine,
11713,INTERVENTI DI RECUPERO URBANO NEI QUARTIERI ERP DI SACCA FISOLA E GIUDECCA SISTEMAZIONI ESTERNE A SACCA FISOLA - LOTTO 2 - STRALCIO2 (ZONA SUD-EST),1456500,1,MUNICIPALITA' DI VENEZIA-MURANO-BURANO,3,Recupero,A05-10,Edilizia abitativa,1,Qualità Urbana,12.31532,45.427500,
11858,PISTA CICLABILE SU EX LINEA FERROVIARIA VENEZIA-TRENTO,600000,11,MUNICIPALITA' DI CHIRIGNAGO-ZELARINO,1,Nuova costruzione,A01-01,Stradali,1,Qualità Urbana,12.180573,45.497515,
12501,LIDO DI VENEZIA: REALIZZAZIONE DELLA FOGNATURA DI TIPO SEPARATO NELLA VIA S. ROSA,670000,3,MUNICIPALITA' DI LIDO-PELLESTRINA,1,Nuova costruzione,A05-35,Igienico sanitario,1,Qualità ambientale,12.363767,45.402312,
12791,MESSA IN SICUREZZA DI VIA PADANA CON LA REALIZZAZIONE DI PISTA CICLABILE E FERMATE BUS - 2°LOTTO,600000,13,MUNICIPALITA' DI MARGHERA,1,Nuova costruzione,A01-01,Stradali,3,Qualità Urbana,12.190987,45.448853,
13292,MANUTENZIONE PROGRAMMATA DEL VERDE DI PERTINENZA DELL'ISTITUZIONE BOSCO E GRANDI PARCHI,300000,92,TERRAFERMA - MUNICIPALITA' DIVERSE,6,Manutenzione,A02-11,Opere di protezione dell'ambiente,1,Qualità ambientale,12.293959,45.52802,
13344,3.2.4 - CULTURA E TURISMO – RIQUALIFICAZIONE FUNZIONALE PALAZZO DUCALE: OPERE EDILI E IMPIANTISTICHE AI FINI DELL'ADEGUAMENTO C.P.I.,1700000,1,MUNICIPALITA' DI VENEZIA-MURANO-BURANO,6,Manutenzione,A05-11,Beni culturali,1,Conservazione del patrimonio,12.340356,45.433698,
13371,RIPRISTINO FUNZIONALE DELLA MICROPORTUALITÀ DEL CENTRO STORICO DI VENEZIA - PONTILI TAXI ACQUEI IMBARCO/SBARCO PERSONE PRESSO LA FONDAMENTA SANTA CHIARA E PRESSO L'AEROPORTO,150000,90,VENEZIA E TERRAFERMA,4,Ristrutturazione,A01-04,Marittime lacuali e fluviali,1,Miglioramento e incremento di servizio,12.318339,45.439218,
13431,COMPLETAMENTO PISTA CICLABILE TESSERA/FAVARO 3° E 4° LOTTO,1120000,8,MUNICIPALITA' DI FAVARO VENETO,1,Nuova costruzione,A01-01,Stradali,2,Miglioramento e incremento di servizio,12.317241,45.497611,
13871,MESSA IN SICUREZZA PIAZZA S. ANTONIO E PIAZZA MERCATO A MARGHERA,300000,13,MUNICIPALITA' DI MARGHERA,4,Ristrutturazione,A01-01,Stradali,1,Qualità Urbana,12.223931,45.474397,
13891,INTERVENTI DI RESTAURO E ADEGUAMENTO NELLE SCUOLE DEL LIDO E ISOLE,600000,91,VENEZIA - MUNICIPALITA' DIVERSE,4,Ristrutturazione,A05-08,Edilizia sociale e scolastica,1,Qualità Urbana,12.357562,45.459753,
13895,INTERVENTI DI MANUTENZIONE E ADEGUAMENTO NELLE SEDI COMUNALI DEL CENTRO STORICO ED ISOLE,1000000,91,VENEZIA - MUNICIPALITA' DIVERSE,5,Restauro,A05-33,Direzionale  e amministrativo,1,Miglioramento e incremento di servizio,12.349462,45.437699,
13900,RIPRISTINO FUNZIONALE SEGNALETICA VERTICALE/ORIZZONTALE E MESSA IN SICUREZZA VIABILITÀ TERRAFERMA,800000,92,TERRAFERMA - MUNICIPALITA' DIVERSE,4,Ristrutturazione,A01-01,Stradali,1,Qualità Urbana,12.253094,45.477571,
13902,ADEGUAMENTO NORMATIVO BARRIERE DI SICUREZZA CAVALCAFERROVIA DI MESTRE,2000000,92,TERRAFERMA - MUNICIPALITA' DIVERSE,4,Ristrutturazione,A01-01,Stradali,2,Adeguamento normativo,12.222934,45.488288,
13907,EDILIZIA SPORTIVA CENTRO STORICO E ISOLE - INTERVENTI DI ADEGUAMENTO E RIPRISTINO FUNZIONALE,800000,91,VENEZIA - MUNICIPALITA' DIVERSE,4,Ristrutturazione,A05-12,Sport e spettacolo,1,Adeguamento normativo,12.409221,45.485978,
13914,INTERVENTI DI RESTAURO  E ADEGUAMENTO NELLE SCUOLE DEL CENTRO STORICO,700000,1,MUNICIPALITA' DI VENEZIA-MURANO-BURANO,4,Ristrutturazione,A05-08,Edilizia sociale e scolastica,1,Qualità Urbana,12.327371,45.438770,
13918,GESTIONE TERRITORIALE VENEZIA NORD,1300000,1,MUNICIPALITA' DI VENEZIA-MURANO-BURANO,6,Manutenzione,A01-01,Stradali,1,Qualità Urbana,12.325490,45.446938,
13920,GESTIONE TERRITORIALE VENEZIA SUD,1200000,1,MUNICIPALITA' DI VENEZIA-MURANO-BURANO,6,Manutenzione,A01-01,Stradali,1,Qualità Urbana,12.330931,45.429550,
13922,GESTIONE TERRITORIALE ISOLE LAGUNARI,200000,1,MUNICIPALITA' DI VENEZIA-MURANO-BURANO,6,Manutenzione,A01-01,Stradali,1,Qualità Urbana,12.418677,45.484568,
13924,GESTIONE TERRITORIALE LIDO E PELLESTRINA,300000,3,MUNICIPALITA' DI LIDO-PELLESTRINA,6,Manutenzione,A01-01,Stradali,1,Qualità Urbana,12.300440,45.265525,
13926,INTERVENTI PUNTUALI DI RESTAURO DELLE SEDI MUSEALI,600000,91,VENEZIA - MUNICIPALITA' DIVERSE,5,Restauro,A05-11,Beni culturali,1,Conservazione del patrimonio,12.342257,45.437034,
13929,EDILIZIA COMUNALE DELLA TERRAFERMA - INTERVENTI DI ADEGUAMENTO E RIPRISTINO FUNZIONALE,800000,92,TERRAFERMA - MUNICIPALITA' DIVERSE,4,Ristrutturazione,A05-33,Direzionale  e amministrativo,1,Conservazione del patrimonio,12.236116,45.492682,
13931,EDILIZIA SPORTIVA DELLA TERRAFERMA - INTERVENTI DI ADEGUAMENTO E RIPRISTINO FUNZIONALE,900000,92,TERRAFERMA - MUNICIPALITA' DIVERSE,4,Ristrutturazione,A05-12,Sport e spettacolo,1,Miglioramento e incremento di servizio,12.280419,45.487830,
13933,PERCORSO CICLABILE E PEDONALE DI COLLEGAMENTO TRA VIA INDRI E VIA CA' SOLARO,320000,8,MUNICIPALITA' DI FAVARO VENETO,1,Nuova costruzione,A01-01,Stradali,2,Miglioramento e incremento di servizio,12.280887,45.509467,
13935,INTERVENTI PUNTUALI DI RIPRISTINO FUNZIONALE SU MANUFATTI DI MICROPORTUALITÀ URBANA DEL CENTRO STORICO DI VENEZIA,300000,91,VENEZIA - MUNICIPALITA' DIVERSE,4,Ristrutturazione,A01-04,Marittime lacuali e fluviali,1,Qualità Urbana,12.320333,45.435812,
13940,MANUTENZIONE STRAORDINARIA DELLA SCUOLA DELL'INFANZIA PRINCIPESSA MARIA LETIZIA DI MURANO,900000,5,Delegazione di MURANO (MUNIC. VENEZIA-MURANO-BURANO),6,Manutenzione,A05-08,Edilizia sociale e scolastica,1,Qualità Urbana,12.351434,45.457426,
13946,MANUTENZIONE DIFFUSA RESIDENZA COMUNALE TERRAFERMA,900000,92,TERRAFERMA - MUNICIPALITA' DIVERSE,6,Manutenzione,A05-10,Edilizia abitativa,1,Conservazione del patrimonio,12.236376,45.484954,
13959,EDILIZIA SCOLASTICA TERRAFERMA - MANUTENZIONE ORDINARIA,500000,92,TERRAFERMA - MUNICIPALITA' DIVERSE,6,Manutenzione,A05-08,Edilizia sociale e scolastica,1,Conservazione del patrimonio,12.207326,45.492552,
14017,RIPRISTINO FUNZIONALE CIMITERI TERRAFERMA,1000000,92,TERRAFERMA - MUNICIPALITA' DIVERSE,4,Ristrutturazione,A05-35,Igienico sanitario,1,Miglioramento e incremento di servizio,12.281615,45.511324,
14019,INTERVENTI DI RIPRISTINO FUNZIONALE E MESSA IN SICUREZZA VIABILITÀ TERRAFERMA,2792930,92,TERRAFERMA - MUNICIPALITA' DIVERSE,4,Ristrutturazione,A01-01,Stradali,1,Miglioramento e incremento di servizio,12.231315,45.482899,
14021,INTERVENTI PUNTUALI DI RIPRISTINO FUNZIONALE SU MANUFATTI DI MICROPORTUALITÀ URBANA DEL CENTRO STORICO DI VENEZIA,300000,91,VENEZIA - MUNICIPALITA' DIVERSE,4,Ristrutturazione,A01-04,Marittime lacuali e fluviali,1,Qualità Urbana,12.316748,45.432377,
14023,RIPRISTINO FUNZIONALE CIMITERI CENTRO STORICO E ISOLE,1000000,91,VENEZIA - MUNICIPALITA' DIVERSE,4,Ristrutturazione,A05-35,Igienico sanitario,1,Miglioramento e incremento di servizio,12.408598,45.485134,
14167,ADEGUAMENTO NORMATIVO SISTEMI DI SICUREZZA NUOVO CAVALCAVIA SUPERIORE DI MARGHERA,2000000,92,TERRAFERMA - MUNICIPALITA' DIVERSE,4,Ristrutturazione,A01-01,Stradali,2,Adeguamento normativo,12.238980,45.481870,
14187,ABBATTIMENTO BARRIERE ARCHITETTONICHE VENEZIA E TERRAFERMA,200000,90,VENEZIA E TERRAFERMA,4,Ristrutturazione,A06-90,Altre infrastrutture pubbliche non altrove classificate,1,Qualità Urbana,12.338214,45.434167,
14032,RIPRISTINO FUNZIONALE SEGNALETICA VERTICALE/ORIZZONTALE E MESSA IN SICUREZZA VIABILITÀ TERRAFERMA,800000,92,TERRAFERMA - MUNICIPALITA' DIVERSE,4,Ristrutturazione,A01-01,Stradali,1,Qualità Urbana,12.255119,45.490150,
14033,INTERVENTO DI RIPRISTINO FUNZIONALE E MESSA IN SICUREZZA VIABILITÀ TERRAFERMA,2425850,92,TERRAFERMA - MUNICIPALITA' DIVERSE,4,Ristrutturazione,A01-01,Stradali,1,Qualità Urbana,12.237824,45.505341,
14037,INTERVENTI PUNTUALI DI RESTAURO E ADEGUAMENTO NELLE SEDI COMUNALI DEL CENTRO STORICO ED ISOLE,1000000,91,VENEZIA - MUNICIPALITA' DIVERSE,5,Restauro,A05-33,Direzionale  e amministrativo,1,Conservazione del patrimonio,12.333806,45.436482,
14039,INTERVENTI PUNTUALI DI RESTAURO DELLE SEDI MUSEALI,600000,91,VENEZIA - MUNICIPALITA' DIVERSE,5,Restauro,A05-11,Beni culturali,1,Conservazione del patrimonio,12.337092,45.433711,
14040,INTERVENTI DI ADEGUAMENTO NELLE SCUOLE DEL LIDO E ISOLE,600000,91,VENEZIA - MUNICIPALITA' DIVERSE,4,Ristrutturazione,A05-08,Edilizia sociale e scolastica,1,Conservazione del patrimonio,12.367217,45.412901,
14042,INTERVENTI DI ADEGUAMENTO NELLE SCUOLE DEL CENTRO STORICO,700000,1,MUNICIPALITA' DI VENEZIA-MURANO-BURANO,4,Ristrutturazione,A05-08,Edilizia sociale e scolastica,1,Conservazione del patrimonio,12.324428,45.433960,
14044,EDILIZIA SPORTIVA CENTRO STORICO E ISOLE - INTERVENTI DI ADEGUAMENTO E RIPRISTINO FUNZIONALE,800000,91,VENEZIA - MUNICIPALITA' DIVERSE,4,Ristrutturazione,A05-12,Sport e spettacolo,1,Conservazione del patrimonio,12.318531,45.434029,
14046,GESTIONE TERRITORIALE VENEZIA NORD,1300000,1,MUNICIPALITA' DI VENEZIA-MURANO-BURANO,6,Manutenzione,A01-01,Stradali,1,Qualità Urbana,12.326161,45.448686,
14047,GESTIONE TERRITORIALE VENEZIA SUD,1200000,1,MUNICIPALITA' DI VENEZIA-MURANO-BURANO,6,Manutenzione,A01-01,Stradali,1,Qualità Urbana,12.327062,45.429745,
14048,GESTIONE TERRITORIALE - MURANO BURANO S.ERASMO,200000,1,MUNICIPALITA' DI VENEZIA-MURANO-BURANO,6,Manutenzione,A01-01,Stradali,1,Qualità Urbana,12.403439,45.453585,
14049,GESTIONE TERRITORIALE LIDO E PELLESTRINA,300000,3,MUNICIPALITA' DI LIDO-PELLESTRINA,6,Manutenzione,A01-01,Stradali,1,Qualità Urbana,12.370486,45.410284,
14094,EDILIZIA SCOLASTICA TERRAFERMA- INTERVENTI DI ADEGUAMENTO E RIPRISTINI FUNZIONALI - INTERVENTI STRAORDINARI,900000,92,TERRAFERMA - MUNICIPALITA' DIVERSE,4,Ristrutturazione,A05-08,Edilizia sociale e scolastica,1,Qualità Urbana,12.237432,45.486776,
14095,RECUPERO EDILIZIO ALLOGGI COMUNALI NON ERP TERRAFERMA (INTERVENTO PON METRO),500000,92,TERRAFERMA - MUNICIPALITA' DIVERSE,3,Recupero,A05-10,Edilizia abitativa,1,Conservazione del patrimonio,12.211669,45.479854,
14096,RECUPERO EDILIZIO ALLOGGI COMUNALI ERP TERRAFERMA (INTERVENTO PON METRO),400000,92,TERRAFERMA - MUNICIPALITA' DIVERSE,3,Recupero,A05-10,Edilizia abitativa,1,Conservazione del patrimonio,12.211669,45.479854,
14228,2.2.4 - AMBIENTE E TERRITORIO – PONTI E PONTILI: RIPRISTINO STRUTTURALE PONTE DEI GUARDIANI – DORSODURO,200000,91,VENEZIA - MUNICIPALITA' DIVERSE,5,Restauro,A01-01,Stradali,1,Qualità Urbana,12.324632,45.432248,
14229,2.2.2 - AMBIENTE E TERRITORIO – PONTI E PONTILI: RIPRISTINO STRUTTURALE PONTE BONAVENTURA – CANNAREGIO,300000,1,MUNICIPALITA' DI VENEZIA-MURANO-BURANO,5,Restauro,A01-01,Stradali,1,Qualità Urbana,12.337726,45.441050,
14230,2.2.5 - AMBIENTE E TERRITORIO – PONTI E PONTILI: RIPRISTINO STRUTTURALE PONTE DELLA GUERRA – SAN MARCO,200000,1,MUNICIPALITA' DI VENEZIA-MURANO-BURANO,5,Restauro,A01-01,Stradali,1,Qualità Urbana,12.339172,45.436441,